recording_id,status,reason
XC101288,success,
XC101292,success,
XC101293,success,
XC101580,success,
XC101581,success,
XC101591,success,
XC101593,success,
XC101614,success,
XC102972,success,
XC104520,success,
XC104521,success,
XC109162,success,
XC109190,success,
XC109191,success,
XC109192,success,
XC109299,success,
XC109300,success,
XC109301,success,
XC109305,success,
XC109306,success,
XC109314,success,
XC109601,success,
XC109602,success,
XC109603,success,
XC109606,success,
XC109651,success,
XC109666,success,
XC109668,success,
XC109768,success,
XC109852,success,
XC109920,success,
XC109921,success,
XC109922,success,
XC109923,success,
XC109946,success,
XC109947,success,
XC109948,success,
XC109949,success,
XC109950,success,
XC109951,success,
XC110078,success,
XC110079,success,
XC110080,success,
XC110081,success,
XC110813,success,
XC111040,success,
XC111041,success,
XC111042,success,
XC111043,success,
XC111138,success,
XC111139,success,
XC112499,success,
XC112501,success,
XC112502,success,
XC112579,success,
XC112598,success,
XC112829,success,
XC113485,success,
XC113486,success,
XC113721,success,
XC113723,success,
XC113724,success,
XC113808,success,
XC113814,success,
XC113820,success,
XC113821,success,
XC113827,success,
XC114061,success,
XC114073,success,
XC114081,success,
XC114085,success,
XC114086,success,
XC114087,success,
XC114342,success,
XC114550,success,
XC114551,success,
XC114552,success,
XC114554,success,
XC114555,success,
XC114556,success,
XC114557,success,
XC114558,success,
XC114559,success,
XC114560,success,
XC114561,success,
XC11476,success,
XC114930,success,
XC115430,success,
XC115587,success,
XC115594,success,
XC115938,success,
XC115939,success,
XC115940,success,
XC116054,success,
XC116055,success,
XC116056,success,
XC116372,success,
XC116373,success,
XC116374,success,
XC11722,success,
XC11847,success,
XC118749,success,
XC119593,success,
XC120285,success,
XC120809,success,
XC120842,success,
XC120843,success,
XC120844,success,
XC120855,success,
XC120868,success,
XC120878,success,
XC121042,success,
XC121043,success,
XC121044,success,
XC121045,success,
XC121046,success,
XC121068,success,
XC121396,success,
XC121435,success,
XC122259,success,
XC122442,success,
XC122453,success,
XC122455,success,
XC122640,success,
XC122641,success,
XC122806,success,
XC122807,success,
XC122809,success,
XC122810,success,
XC122811,success,
XC122812,success,
XC122813,success,
XC122814,success,
XC122815,success,
XC122816,success,
XC122817,success,
XC122818,success,
XC122819,success,
XC122820,success,
XC122821,success,
XC122822,success,
XC122824,success,
XC122825,success,
XC122826,success,
XC122892,success,
XC122895,success,
XC122896,success,
XC122898,success,
XC122900,success,
XC122904,success,
XC122908,success,
XC122909,success,
XC122910,success,
XC122911,success,
XC122912,success,
XC122913,success,
XC122914,success,
XC122915,success,
XC122916,success,
XC122918,success,
XC122922,success,
XC122924,success,
XC123156,success,
XC123302,success,
XC123306,success,
XC123343,success,
XC123363,success,
XC123364,success,
XC123370,success,
XC123405,success,
XC123506,success,
XC124067,skipped,too short (0.91s)
XC124268,success,
XC124312,success,
XC124431,success,
XC124433,success,
XC124438,success,
XC124439,success,
XC124441,success,
XC124484,success,
XC124590,success,
XC124591,success,
XC124593,success,
XC124595,success,
XC124992,success,
XC125090,success,
XC125091,success,
XC125093,success,
XC125094,success,
XC125095,success,
XC125096,success,
XC125168,success,
XC125169,success,
XC125171,success,
XC125173,success,
XC125176,success,
XC125178,success,
XC125207,success,
XC125512,success,
XC125540,success,
XC125542,success,
XC125544,success,
XC125546,success,
XC125547,success,
XC125549,success,
XC125550,success,
XC125553,success,
XC125555,success,
XC125556,success,
XC125557,success,
XC125558,success,
XC125559,success,
XC125560,success,
XC125561,success,
XC125564,success,
XC125567,success,
XC125569,success,
XC125571,success,
XC125573,success,
XC125576,success,
XC125579,success,
XC125581,success,
XC125727,success,
XC125729,success,
XC125844,success,
XC126022,skipped,too short (0.86s)
XC127371,success,
XC127418,success,
XC127600,success,
XC127999,success,
XC128001,success,
XC128002,success,
XC128099,success,
XC128249,success,
XC128490,success,
XC128705,success,
XC128942,success,
XC129225,success,
XC129313,success,
XC129386,success,
XC129387,success,
XC129650,success,
XC129798,success,
XC130058,success,
XC130170,success,
XC130499,success,
XC130500,success,
XC130507,success,
XC130508,success,
XC130510,success,
XC130511,success,
XC130512,success,
XC130513,success,
XC130525,success,
XC131093,success,
XC131442,success,
XC131445,success,
XC131447,success,
XC131452,success,
XC131462,success,
XC131549,success,
XC131559,success,
XC131566,success,
XC131567,success,
XC131637,success,
XC131879,success,
XC131881,success,
XC131882,success,
XC131925,success,
XC131951,success,
XC131952,success,
XC131971,success,
XC132145,success,
XC132216,success,
XC132217,success,
XC132219,success,
XC132220,success,
XC132223,success,
XC132224,success,
XC132226,success,
XC132229,success,
XC132236,success,
XC132237,success,
XC132239,success,
XC132241,success,
XC132243,success,
XC132246,success,
XC132248,success,
XC132250,success,
XC132251,success,
XC132254,success,
XC132255,success,
XC132256,success,
XC132257,success,
XC132258,success,
XC132259,success,
XC132277,success,
XC132278,success,
XC132280,success,
XC132281,success,
XC132282,success,
XC132283,success,
XC132284,success,
XC132285,success,
XC132286,success,
XC132287,success,
XC132288,success,
XC132319,success,
XC132320,success,
XC132321,success,
XC132322,success,
XC132323,success,
XC132324,success,
XC132325,success,
XC132328,success,
XC132331,success,
XC132333,success,
XC132334,success,
XC132335,success,
XC132338,success,
XC132341,success,
XC132342,success,
XC132344,success,
XC132347,success,
XC132348,success,
XC132350,success,
XC132352,success,
XC132353,success,
XC132355,success,
XC132358,success,
XC132359,success,
XC132363,success,
XC132365,success,
XC132373,success,
XC132381,success,
XC132382,success,
XC132383,success,
XC132384,success,
XC132386,success,
XC132692,success,
XC132693,success,
XC132695,success,
XC132819,success,
XC132821,success,
XC132823,success,
XC132824,success,
XC132826,success,
XC132827,success,
XC132828,success,
XC132830,success,
XC132831,success,
XC132832,success,
XC132833,success,
XC132835,success,
XC132836,success,
XC132837,success,
XC132838,success,
XC132839,success,
XC132842,success,
XC132844,success,
XC132845,success,
XC132846,success,
XC132847,success,
XC132848,success,
XC132849,success,
XC132850,success,
XC132851,success,
XC132852,success,
XC132853,success,
XC132854,success,
XC132855,success,
XC132856,success,
XC132857,success,
XC132858,success,
XC132859,success,
XC132861,success,
XC132864,success,
XC132870,success,
XC132872,success,
XC132873,success,
XC132886,success,
XC132888,success,
XC132889,success,
XC132890,success,
XC132891,success,
XC132892,success,
XC132894,success,
XC132896,success,
XC132901,success,
XC132902,success,
XC132903,success,
XC132904,success,
XC132905,success,
XC132906,success,
XC132908,success,
XC132909,success,
XC132910,success,
XC132911,success,
XC132913,success,
XC132914,success,
XC132916,success,
XC132917,success,
XC132918,success,
XC132920,success,
XC133039,success,
XC133048,success,
XC133080,success,
XC133167,success,
XC133392,success,
XC133469,success,
XC133500,success,
XC133564,success,
XC133565,success,
XC133569,success,
XC133590,success,
XC133792,success,
XC133794,success,
XC133902,success,
XC133923,success,
XC133969,success,
XC133979,success,
XC133993,success,
XC133996,success,
XC133998,success,
XC134014,success,
XC134017,success,
XC134100,success,
XC134185,success,
XC134349,success,
XC134439,success,
XC134495,success,
XC134496,success,
XC134499,success,
XC134501,success,
XC134502,success,
XC134504,success,
XC134505,success,
XC134872,success,
XC134874,success,
XC134876,success,
XC134994,success,
XC135026,success,
XC135052,success,
XC135053,success,
XC135054,success,
XC135055,success,
XC135067,success,
XC135075,success,
XC135086,success,
XC135087,success,
XC135110,success,
XC135117,success,
XC135120,success,
XC135284,success,
XC135440,success,
XC135451,success,
XC135454,success,
XC135455,success,
XC135456,success,
XC135457,success,
XC135459,success,
XC135460,success,
XC135462,success,
XC135463,success,
XC135466,success,
XC135468,success,
XC135476,success,
XC135477,success,
XC135478,success,
XC135492,success,
XC135494,success,
XC135495,success,
XC135496,success,
XC135497,success,
XC135498,success,
XC135499,success,
XC135501,success,
XC135502,success,
XC135503,success,
XC135680,success,
XC135688,success,
XC135883,success,
XC136021,success,
XC136035,success,
XC136051,success,
XC136052,success,
XC136053,success,
XC136054,success,
XC136055,success,
XC136115,success,
XC136140,success,
XC136330,success,
XC137040,success,
XC137041,success,
XC137042,success,
XC137043,success,
XC137044,success,
XC137045,success,
XC137527,success,
XC137570,success,
XC137604,success,
XC137605,success,
XC137610,success,
XC137618,success,
XC137637,success,
XC137714,success,
XC137726,success,
XC137741,success,
XC137774,success,
XC137865,success,
XC138054,success,
XC138063,success,
XC138065,success,
XC138066,success,
XC138068,success,
XC138069,success,
XC138073,success,
XC138084,success,
XC138085,success,
XC138093,success,
XC138140,success,
XC138154,success,
XC138159,success,
XC138517,success,
XC138610,success,
XC138633,success,
XC138639,success,
XC138706,success,
XC138718,success,
XC138873,success,
XC139055,success,
XC139086,success,
XC139089,success,
XC139144,success,
XC139171,success,
XC139433,success,
XC139438,success,
XC139439,success,
XC139446,success,
XC139577,success,
XC139595,success,
XC139598,success,
XC139603,success,
XC139605,success,
XC139608,success,
XC139610,success,
XC139613,success,
XC139614,success,
XC139619,success,
XC139728,success,
XC139729,success,
XC139739,success,
XC139740,success,
XC139798,success,
XC139829,success,
XC139831,success,
XC139856,success,
XC139859,success,
XC139880,success,
XC139897,success,
XC139908,success,
XC139915,success,
XC139916,success,
XC139921,success,
XC139932,success,
XC139937,success,
XC139938,success,
XC139961,success,
XC139987,success,
XC140280,success,
XC140282,skipped,too long (600.01s)
XC140283,skipped,too long (600.01s)
XC140286,success,
XC140298,success,
XC140465,success,
XC141035,success,
XC141213,success,
XC141214,success,
XC141316,success,
XC141320,success,
XC141344,success,
XC141345,success,
XC141412,success,
XC141439,success,
XC141441,success,
XC141444,success,
XC141445,success,
XC141458,success,
XC141469,success,
XC141677,success,
XC141749,success,
XC141896,success,
XC141897,success,
XC141898,success,
XC142065,success,
XC142066,success,
XC142067,success,
XC142068,success,
XC142069,success,
XC142186,success,
XC142218,success,
XC142244,success,
XC142329,success,
XC142466,success,
XC142592,success,
XC142594,success,
XC142632,success,
XC142649,success,
XC142650,success,
XC142722,success,
XC142731,success,
XC142977,success,
XC143748,success,
XC143934,success,
XC143936,success,
XC143939,success,
XC144024,success,
XC144069,success,
XC144071,success,
XC144072,success,
XC144080,success,
XC144101,success,
XC144540,skipped,silent audio
XC144655,success,
XC144658,success,
XC144664,success,
XC144666,success,
XC144672,success,
XC144674,success,
XC144675,success,
XC144676,success,
XC144696,success,
XC144899,success,
XC145054,success,
XC145055,success,
XC146080,success,
XC146082,success,
XC146083,success,
XC146086,success,
XC146148,success,
XC146167,success,
XC146297,success,
XC146599,success,
XC146604,success,
XC147059,success,
XC147067,success,
XC147069,success,
XC147070,success,
XC147071,success,
XC147072,success,
XC147073,success,
XC147272,success,
XC147273,success,
XC147278,success,
XC147286,success,
XC147287,success,
XC147288,success,
XC147289,success,
XC147290,success,
XC147291,success,
XC147292,success,
XC147879,success,
XC147880,success,
XC148239,success,
XC148500,success,
XC148502,skipped,too short (0.96s)
XC148503,success,
XC148504,success,
XC149087,success,
XC149225,success,
XC149253,success,
XC149269,success,
XC149270,success,
XC149271,success,
XC149273,success,
XC149275,success,
XC149276,success,
XC149277,success,
XC149283,success,
XC149284,success,
XC149285,success,
XC149286,success,
XC149289,success,
XC149290,success,
XC149305,success,
XC149337,success,
XC149345,success,
XC149386,success,
XC149387,success,
XC149388,success,
XC149390,success,
XC149391,success,
XC149392,success,
XC149393,success,
XC149395,success,
XC149397,success,
XC149398,success,
XC149399,success,
XC149401,success,
XC149402,success,
XC149403,success,
XC149405,success,
XC149406,success,
XC149591,success,
XC149911,success,
XC149941,success,
XC150015,success,
XC150063,success,
XC150215,success,
XC150216,success,
XC150220,success,
XC150427,success,
XC150428,success,
XC151103,success,
XC151283,success,
XC152339,success,
XC152396,success,
XC152413,success,
XC152456,success,
XC152476,success,
XC152477,success,
XC152601,success,
XC152873,success,
XC152886,success,
XC153020,success,
XC153035,success,
XC153179,success,
XC153246,success,
XC153402,success,
XC153403,success,
XC153409,success,
XC153410,success,
XC153411,success,
XC153412,success,
XC153417,success,
XC153438,success,
XC153440,success,
XC153442,success,
XC153443,success,
XC153474,success,
XC153475,success,
XC153476,success,
XC153478,success,
XC153480,success,
XC153483,success,
XC153552,success,
XC153554,success,
XC153556,success,
XC153640,success,
XC153786,success,
XC153860,success,
XC153879,success,
XC154092,success,
XC154310,success,
XC154449,success,
XC154891,success,
XC155039,success,
XC155357,success,
XC155439,success,
XC155440,success,
XC155441,success,
XC155548,success,
XC156075,success,
XC156195,success,
XC156257,success,
XC156532,success,
XC156536,success,
XC156643,success,
XC156746,success,
XC156788,success,
XC156822,success,
XC157452,success,
XC157457,success,
XC157459,success,
XC157462,success,
XC157611,success,
XC157628,success,
XC157638,success,
XC157666,success,
XC157677,success,
XC157759,success,
XC157776,success,
XC157777,success,
XC157778,success,
XC157779,success,
XC157888,success,
XC157890,success,
XC158380,success,
XC158384,success,
XC158401,success,
XC158415,success,
XC158517,success,
XC158534,success,
XC158795,success,
XC158797,success,
XC158801,success,
XC160878,success,
XC160880,success,
XC160904,success,
XC160906,success,
XC160907,success,
XC160908,success,
XC160910,success,
XC160911,success,
XC160912,success,
XC160913,success,
XC160914,success,
XC160915,success,
XC160917,success,
XC160978,success,
XC160983,success,
XC160984,success,
XC160985,success,
XC160987,success,
XC16111,success,
XC161152,success,
XC161897,success,
XC162091,success,
XC162851,success,
XC16305,success,
XC163060,success,
XC163061,success,
XC163062,success,
XC163063,success,
XC163064,success,
XC163065,success,
XC163066,success,
XC163067,success,
XC163068,success,
XC163209,success,
XC163210,success,
XC163612,success,
XC163633,success,
XC163684,success,
XC163734,success,
XC163751,success,
XC163942,success,
XC164259,success,
XC164549,success,
XC164729,success,
XC164791,success,
XC165034,success,
XC165267,success,
XC165272,success,
XC165280,success,
XC165284,success,
XC165285,success,
XC165291,success,
XC165292,success,
XC165294,success,
XC165295,success,
XC165298,success,
XC165299,success,
XC165300,success,
XC165302,success,
XC165303,success,
XC165304,success,
XC165314,success,
XC165317,success,
XC165319,success,
XC165320,success,
XC165321,success,
XC165322,success,
XC165323,success,
XC165324,success,
XC165325,success,
XC165450,success,
XC165566,success,
XC165672,success,
XC166076,success,
XC166083,success,
XC166084,success,
XC166085,success,
XC166220,success,
XC166398,success,
XC166419,success,
XC166584,success,
XC167153,success,
XC167210,success,
XC167212,success,
XC167605,success,
XC167606,success,
XC167609,success,
XC167611,success,
XC167789,success,
XC167791,success,
XC167792,success,
XC167793,success,
XC167817,success,
XC167818,success,
XC167819,success,
XC167820,success,
XC167821,success,
XC167900,success,
XC167901,success,
XC167902,success,
XC167903,success,
XC167904,success,
XC167952,success,
XC167970,success,
XC168080,success,
XC168081,success,
XC168082,success,
XC168092,success,
XC168094,success,
XC168397,success,
XC168573,success,
XC168584,success,
XC168609,success,
XC168751,success,
XC168752,success,
XC168753,success,
XC168795,success,
XC168796,success,
XC168876,success,
XC168882,success,
XC16891,success,
XC16892,success,
XC16893,success,
XC168958,success,
XC16897,success,
XC16900,success,
XC169069,success,
XC16908,success,
XC169080,success,
XC169081,success,
XC169082,success,
XC169083,success,
XC169084,success,
XC169085,success,
XC169137,success,
XC169144,success,
XC169145,success,
XC169146,success,
XC169151,success,
XC169152,success,
XC16917,success,
XC16924,success,
XC16925,success,
XC169404,success,
XC169443,success,
XC169596,success,
XC169597,success,
XC16967,success,
XC16971,success,
XC169752,success,
XC16991,success,
XC16992,success,
XC170063,success,
XC170238,success,
XC170239,success,
XC170393,success,
XC170415,success,
XC170783,success,
XC170895,success,
XC17094,success,
XC170982,success,
XC170983,success,
XC170984,success,
XC170985,success,
XC170988,success,
XC17100,skipped,too short (0.59s)
XC17105,success,
XC171092,success,
XC171094,success,
XC17120,success,
XC171555,success,
XC171727,success,
XC171844,success,
XC171991,success,
XC171994,success,
XC171997,success,
XC172405,success,
XC172420,success,
XC172423,success,
XC172427,success,
XC172486,success,
XC172487,success,
XC172656,success,
XC172751,success,
XC172752,success,
XC172821,success,
XC172859,success,
XC172860,success,
XC172875,success,
XC172878,success,
XC172881,success,
XC172882,success,
XC172886,success,
XC172887,success,
XC172888,success,
XC172889,success,
XC172890,success,
XC172892,success,
XC172893,success,
XC172900,success,
XC172902,success,
XC172914,success,
XC172915,success,
XC172916,success,
XC172917,success,
XC172919,success,
XC172920,success,
XC172922,success,
XC172934,success,
XC172935,success,
XC172936,success,
XC172937,success,
XC172939,success,
XC172956,success,
XC172960,success,
XC172962,success,
XC172966,success,
XC172971,success,
XC172978,success,
XC173148,success,
XC173150,success,
XC173153,success,
XC173154,success,
XC173172,success,
XC173184,success,
XC173254,success,
XC173257,success,
XC173260,success,
XC173261,success,
XC173263,success,
XC173264,success,
XC173265,success,
XC173267,success,
XC173268,success,
XC173282,success,
XC173283,success,
XC173306,success,
XC173312,success,
XC173313,success,
XC173315,success,
XC173319,success,
XC173321,success,
XC173322,success,
XC173361,success,
XC174510,success,
XC174538,success,
XC174834,success,
XC174837,success,
XC174839,success,
XC174869,success,
XC174959,success,
XC175038,success,
XC175039,success,
XC175222,success,
XC175223,success,
XC175228,success,
XC175254,success,
XC175364,success,
XC175373,success,
XC175374,success,
XC175534,success,
XC175541,success,
XC175542,success,
XC175543,success,
XC175547,success,
XC175548,success,
XC175993,success,
XC176255,success,
XC176256,success,
XC176358,success,
XC176368,success,
XC176993,success,
XC177037,success,
XC177042,success,
XC177043,success,
XC177047,success,
XC177048,success,
XC177049,success,
XC177050,success,
XC177052,success,
XC177054,success,
XC177057,success,
XC177083,success,
XC177084,success,
XC177087,success,
XC177088,success,
XC177089,success,
XC177098,success,
XC177152,success,
XC177172,success,
XC177185,success,
XC177187,success,
XC177188,success,
XC177191,success,
XC177192,success,
XC177193,success,
XC177222,success,
XC177224,success,
XC177225,success,
XC177226,success,
XC177259,success,
XC177260,success,
XC177261,success,
XC177262,success,
XC177352,skipped,too short (0.55s)
XC177358,success,
XC177379,success,
XC177382,success,
XC177384,success,
XC177471,success,
XC177472,success,
XC177477,success,
XC177480,success,
XC177486,success,
XC177836,success,
XC177839,success,
XC178008,success,
XC178015,success,
XC178016,success,
XC178041,success,
XC178042,success,
XC178046,success,
XC178129,success,
XC178138,success,
XC178244,success,
XC178310,success,
XC178317,success,
XC178322,success,
XC178480,success,
XC178481,success,
XC178485,success,
XC178528,success,
XC178552,success,
XC178674,success,
XC178760,success,
XC178761,success,
XC178762,success,
XC178778,success,
XC178779,success,
XC178840,success,
XC178886,success,
XC179043,success,
XC179064,success,
XC179074,success,
XC179086,success,
XC179092,success,
XC179095,success,
XC179124,success,
XC179175,success,
XC179178,success,
XC179185,success,
XC179188,success,
XC179304,success,
XC179305,success,
XC179362,success,
XC179417,success,
XC179466,success,
XC179489,success,
XC179578,success,
XC179600,success,
XC179630,success,
XC179631,success,
XC179632,success,
XC179643,success,
XC179661,success,
XC179673,success,
XC179708,success,
XC179713,success,
XC179717,success,
XC179727,success,
XC179730,success,
XC179792,success,
XC179806,success,
XC179810,success,
XC179812,success,
XC179829,success,
XC179830,success,
XC179841,success,
XC179845,success,
XC179912,success,
XC179959,success,
XC179960,success,
XC179961,success,
XC179962,success,
XC180072,success,
XC180074,success,
XC180075,success,
XC180077,success,
XC180081,success,
XC180091,success,
XC180092,success,
XC180093,success,
XC180230,success,
XC180259,success,
XC180666,success,
XC180679,success,
XC181121,success,
XC181184,success,
XC181382,success,
XC181408,success,
XC181417,success,
XC181473,success,
XC181474,success,
XC181479,success,
XC181482,success,
XC181484,success,
XC181497,success,
XC181621,success,
XC181640,success,
XC181749,success,
XC181750,success,
XC181751,success,
XC181752,success,
XC181785,success,
XC181956,success,
XC182069,success,
XC182071,success,
XC182073,success,
XC182078,success,
XC182150,success,
XC182168,success,
XC182171,success,
XC182406,success,
XC182422,success,
XC182546,success,
XC182674,success,
XC182675,success,
XC182677,success,
XC182680,success,
XC182683,success,
XC182689,success,
XC182735,success,
XC183136,success,
XC183138,success,
XC183235,skipped,silent audio
XC183280,success,
XC183334,success,
XC183352,success,
XC183357,success,
XC183408,success,
XC183576,success,
XC183580,success,
XC183590,success,
XC183621,success,
XC183675,success,
XC183801,success,
XC183802,success,
XC184213,success,
XC184306,success,
XC184443,success,
XC184444,success,
XC184445,success,
XC184458,success,
XC184471,success,
XC184516,success,
XC184627,success,
XC184645,success,
XC184648,success,
XC184650,success,
XC184710,success,
XC184711,success,
XC184876,success,
XC184879,success,
XC184881,success,
XC184882,success,
XC184962,success,
XC184964,success,
XC184967,success,
XC184981,success,
XC184982,success,
XC184985,success,
XC184991,success,
XC184993,success,
XC185115,success,
XC185157,success,
XC185161,success,
XC185245,success,
XC185324,success,
XC185335,success,
XC185513,success,
XC185518,success,
XC185521,success,
XC185528,success,
XC185568,success,
XC185570,success,
XC185620,success,
XC185621,success,
XC185622,success,
XC185623,success,
XC185624,success,
XC185812,success,
XC185814,success,
XC185815,success,
XC185817,success,
XC185819,success,
XC185821,success,
XC186284,success,
XC186306,success,
XC186308,success,
XC186365,success,
XC186366,success,
XC186367,success,
XC186368,success,
XC186399,success,
XC186401,success,
XC186652,success,
XC186654,success,
XC187320,success,
XC187408,success,
XC187409,success,
XC187411,success,
XC187481,success,
XC187605,success,
XC187606,success,
XC187607,success,
XC187608,success,
XC187609,success,
XC187634,success,
XC187635,success,
XC187636,success,
XC187637,success,
XC187659,success,
XC187660,success,
XC187661,success,
XC187663,success,
XC187665,success,
XC187783,success,
XC187980,success,
XC188038,success,
XC188112,success,
XC188115,success,
XC188119,success,
XC188122,success,
XC188123,success,
XC188125,success,
XC188127,success,
XC188128,success,
XC188130,success,
XC188177,success,
XC188274,success,
XC188377,success,
XC188430,success,
XC188432,success,
XC188434,success,
XC188493,success,
XC188494,success,
XC188495,success,
XC188511,success,
XC188539,success,
XC188542,success,
XC188601,success,
XC188668,success,
XC188671,success,
XC188782,success,
XC188783,success,
XC188784,success,
XC188785,success,
XC188788,success,
XC188813,success,
XC188842,success,
XC188905,success,
XC189042,success,
XC189043,success,
XC189044,success,
XC189045,success,
XC189057,success,
XC189058,success,
XC189079,success,
XC189262,success,
XC189263,success,
XC189264,success,
XC189265,success,
XC189266,success,
XC189267,success,
XC189268,success,
XC189269,success,
XC189413,success,
XC189414,success,
XC189589,success,
XC189590,success,
XC189592,success,
XC189630,success,
XC189808,success,
XC189951,success,
XC189956,success,
XC189972,success,
XC189973,success,
XC190058,success,
XC190059,success,
XC190060,success,
XC190061,success,
XC190250,success,
XC190292,success,
XC190659,success,
XC190912,success,
XC190933,success,
XC190934,success,
XC190935,success,
XC190938,success,
XC190939,success,
XC190940,success,
XC190956,success,
XC190957,success,
XC190958,success,
XC190959,success,
XC190960,success,
XC191024,success,
XC191025,success,
XC191378,success,
XC191379,success,
XC191488,success,
XC191543,success,
XC191550,success,
XC191952,success,
XC191954,success,
XC191961,success,
XC191962,success,
XC191963,success,
XC191980,success,
XC191982,success,
XC192011,success,
XC192013,success,
XC192016,success,
XC192018,success,
XC192051,success,
XC192052,success,
XC192053,success,
XC192054,success,
XC192055,success,
XC192056,success,
XC192057,success,
XC192059,success,
XC192060,success,
XC192061,success,
XC192078,success,
XC192082,success,
XC192083,success,
XC192099,success,
XC192236,success,
XC192248,success,
XC192487,success,
XC192488,success,
XC192492,success,
XC193110,success,
XC193111,success,
XC193112,success,
XC193116,success,
XC193127,success,
XC193128,success,
XC193130,success,
XC193134,success,
XC193411,success,
XC193606,success,
XC193659,success,
XC193660,success,
XC193769,success,
XC194079,success,
XC194087,success,
XC194088,success,
XC194718,success,
XC194885,success,
XC195032,success,
XC195303,success,
XC195446,success,
XC195540,success,
XC195541,success,
XC195542,success,
XC195834,success,
XC195835,success,
XC196077,success,
XC196484,success,
XC196488,success,
XC196542,success,
XC196545,success,
XC196673,success,
XC196689,success,
XC196691,success,
XC196699,success,
XC196858,success,
XC197259,success,
XC197260,success,
XC197261,success,
XC197263,success,
XC197272,success,
XC197276,success,
XC197400,success,
XC197638,success,
XC197673,success,
XC198054,success,
XC198175,success,
XC198286,success,
XC198375,success,
XC198397,success,
XC198399,success,
XC198400,success,
XC198499,success,
XC198579,success,
XC198768,success,
XC198784,success,
XC198785,skipped,too short (0.78s)
XC198792,success,
XC199326,success,
XC199356,success,
XC199590,success,
XC199663,success,
XC200103,success,
XC200508,success,
XC200509,success,
XC201098,success,
XC201427,success,
XC202027,success,
XC202087,success,
XC202749,success,
XC202805,success,
XC202806,success,
XC202807,success,
XC202808,success,
XC203607,success,
XC203608,success,
XC203709,success,
XC203711,success,
XC203713,success,
XC203714,success,
XC203716,success,
XC203778,success,
XC203984,success,
XC204418,success,
XC205267,success,
XC205284,success,
XC205287,success,
XC205288,success,
XC205289,success,
XC205385,success,
XC205389,success,
XC205391,success,
XC205394,success,
XC205395,success,
XC205420,success,
XC205431,success,
XC205433,success,
XC205468,success,
XC205469,success,
XC205470,success,
XC205473,success,
XC205474,success,
XC205478,success,
XC205480,success,
XC205482,success,
XC205499,success,
XC205514,success,
XC205515,success,
XC205516,success,
XC205522,success,
XC205523,success,
XC205757,success,
XC205758,success,
XC205761,success,
XC205772,success,
XC205773,success,
XC205798,success,
XC205807,success,
XC205869,success,
XC205924,success,
XC205952,success,
XC205982,success,
XC205988,success,
XC206007,success,
XC206008,success,
XC206012,success,
XC206070,success,
XC206082,success,
XC206087,success,
XC206088,success,
XC206090,success,
XC206155,success,
XC206516,success,
XC206849,success,
XC208363,success,
XC208627,success,
XC208934,success,
XC209320,success,
XC209321,success,
XC209341,success,
XC209759,success,
XC209760,success,
XC209874,success,
XC209876,success,
XC209897,success,
XC209898,success,
XC210403,success,
XC210516,success,
XC210518,success,
XC210630,success,
XC210697,success,
XC210732,success,
XC210744,success,
XC210746,success,
XC210754,success,
XC210758,success,
XC210759,success,
XC210760,success,
XC210761,success,
XC210762,success,
XC210764,success,
XC210765,success,
XC210766,success,
XC210768,success,
XC210779,success,
XC210839,success,
XC210841,success,
XC210843,success,
XC211130,success,
XC211292,success,
XC211301,success,
XC211302,success,
XC211305,success,
XC211314,success,
XC211350,success,
XC211484,success,
XC212025,success,
XC212144,success,
XC212499,success,
XC212528,skipped,too short (0.45s)
XC212529,success,
XC212539,success,
XC212575,success,
XC212577,success,
XC212943,success,
XC212963,success,
XC213058,success,
XC213165,success,
XC213220,success,
XC213558,success,
XC213572,success,
XC214256,success,
XC214257,success,
XC214259,success,
XC215135,success,
XC215712,success,
XC215757,success,
XC215759,success,
XC215846,success,
XC215995,success,
XC215998,success,
XC216075,success,
XC216100,success,
XC216178,success,
XC216179,success,
XC216373,success,
XC216509,success,
XC216516,success,
XC216657,success,
XC216663,success,
XC216779,success,
XC216784,success,
XC216787,success,
XC217005,success,
XC217024,success,
XC217037,success,
XC217039,success,
XC217046,success,
XC217053,success,
XC217139,success,
XC217753,success,
XC217762,success,
XC217766,success,
XC217781,success,
XC217783,success,
XC217784,success,
XC217786,success,
XC217792,success,
XC217796,success,
XC217799,success,
XC217801,success,
XC217802,success,
XC217803,success,
XC217804,success,
XC217806,success,
XC217808,success,
XC217809,success,
XC217811,success,
XC217815,success,
XC217817,success,
XC217819,success,
XC217823,success,
XC217824,success,
XC217827,success,
XC217829,success,
XC217831,success,
XC217832,success,
XC217833,success,
XC217834,success,
XC217835,success,
XC217839,success,
XC217841,success,
XC217843,success,
XC217847,success,
XC217851,success,
XC217853,success,
XC217854,success,
XC217857,success,
XC217858,success,
XC217911,success,
XC217912,success,
XC217913,success,
XC217924,success,
XC217930,success,
XC217932,success,
XC217940,success,
XC217942,success,
XC217955,success,
XC217970,success,
XC217976,success,
XC217977,success,
XC217978,success,
XC217979,success,
XC217980,success,
XC217981,success,
XC217982,success,
XC217983,success,
XC218671,success,
XC219352,success,
XC225350,success,
XC232494,success,
XC232497,success,
XC232504,success,
XC232506,success,
XC232898,success,
XC233132,success,
XC233158,success,
XC233159,success,
XC233341,success,
XC233342,success,
XC233343,success,
XC233345,success,
XC233346,success,
XC233380,success,
XC233388,success,
XC233389,success,
XC233403,success,
XC233489,success,
XC233496,success,
XC234215,success,
XC234317,success,
XC234524,success,
XC234550,success,
XC234669,success,
XC234785,success,
XC235031,success,
XC235054,success,
XC235197,success,
XC235427,success,
XC235490,success,
XC235492,success,
XC235680,success,
XC236020,success,
XC236409,success,
XC236555,success,
XC236563,success,
XC236564,success,
XC236567,success,
XC236572,success,
XC236575,success,
XC236697,success,
XC236807,success,
XC236929,success,
XC237263,success,
XC237361,success,
XC237375,success,
XC237517,success,
XC237743,success,
XC237744,success,
XC237806,success,
XC237821,success,
XC237843,success,
XC238065,success,
XC238074,success,
XC238075,success,
XC238076,success,
XC238077,success,
XC238264,success,
XC239645,success,
XC239835,success,
XC240177,success,
XC240258,success,
XC240404,success,
XC240406,success,
XC240675,success,
XC240677,success,
XC240731,success,
XC240940,success,
XC240987,success,
XC240988,success,
XC241102,success,
XC241103,success,
XC241108,success,
XC241121,success,
XC241134,success,
XC241395,success,
XC241646,success,
XC241821,success,
XC243086,success,
XC243385,success,
XC243412,success,
XC243586,success,
XC243587,skipped,silent audio
XC243688,success,
XC243775,success,
XC243776,success,
XC243795,success,
XC243829,success,
XC243969,success,
XC243991,success,
XC243993,success,
XC244350,success,
XC244351,success,
XC244358,success,
XC244458,success,
XC244459,success,
XC244505,success,
XC244525,success,
XC244526,success,
XC244530,success,
XC244531,success,
XC244573,success,
XC244583,success,
XC244667,success,
XC244724,success,
XC245645,success,
XC245809,success,
XC245849,success,
XC245875,success,
XC245894,success,
XC245947,success,
XC246092,success,
XC246110,success,
XC246112,success,
XC246200,success,
XC246539,success,
XC2467,success,
XC246727,success,
XC246756,success,
XC246776,success,
XC246778,skipped,silent audio
XC246857,success,
XC247259,success,
XC247300,success,
XC247308,success,
XC2476,success,
XC247618,success,
XC247621,success,
XC247690,success,
XC247768,success,
XC247772,success,
XC247775,success,
XC247799,success,
XC247801,success,
XC247833,success,
XC247838,success,
XC247851,success,
XC248001,success,
XC248099,success,
XC250549,success,
XC250844,success,
XC250860,success,
XC250999,success,
XC251802,success,
XC251806,success,
XC251826,success,
XC252006,success,
XC252019,success,
XC252235,success,
XC252396,success,
XC252571,success,
XC252838,success,
XC252840,success,
XC252931,success,
XC253150,success,
XC253256,success,
XC253317,success,
XC253320,success,
XC253321,success,
XC253328,success,
XC253360,success,
XC253386,success,
XC253389,success,
XC253397,success,
XC253399,success,
XC253455,success,
XC253520,success,
XC253521,success,
XC253535,success,
XC253704,success,
XC253718,success,
XC253812,success,
XC253814,success,
XC253842,success,
XC253846,success,
XC253847,success,
XC253854,success,
XC253921,success,
XC253935,skipped,silent audio
XC253946,success,
XC253947,success,
XC253948,success,
XC253951,success,
XC254058,success,
XC254062,success,
XC254066,success,
XC254068,success,
XC254071,success,
XC254293,success,
XC254295,success,
XC254296,success,
XC254298,success,
XC254299,success,
XC254300,success,
XC254301,success,
XC254310,success,
XC254449,success,
XC254456,success,
XC254467,success,
XC254483,success,
XC254484,success,
XC254489,success,
XC254491,success,
XC254537,success,
XC254552,success,
XC254588,success,
XC254589,success,
XC254960,success,
XC254962,success,
XC255284,success,
XC255294,success,
XC255438,success,
XC255471,success,
XC255549,success,
XC255631,skipped,silent audio
XC255824,success,
XC255914,success,
XC256110,success,
XC256195,success,
XC256198,success,
XC256216,success,
XC256292,success,
XC256452,success,
XC256543,success,
XC256595,success,
XC256731,success,
XC256732,success,
XC256733,success,
XC256734,success,
XC256736,success,
XC256738,success,
XC256758,success,
XC256759,success,
XC256760,success,
XC256842,success,
XC256847,success,
XC256848,success,
XC256850,success,
XC256889,success,
XC256893,success,
XC256895,success,
XC256896,success,
XC256898,success,
XC256909,success,
XC256910,success,
XC256913,success,
XC256914,success,
XC256971,success,
XC256972,success,
XC256974,success,
XC256975,success,
XC256976,success,
XC256977,success,
XC256982,success,
XC256983,success,
XC256984,success,
XC256985,success,
XC256986,success,
XC257130,success,
XC257286,success,
XC257370,success,
XC257371,success,
XC257372,success,
XC257401,success,
XC259523,success,
XC259578,success,
XC259620,success,
XC260163,success,
XC260164,success,
XC260167,success,
XC260191,success,
XC260196,success,
XC260200,success,
XC260204,success,
XC260208,success,
XC260937,success,
XC260938,success,
XC260939,success,
XC261094,success,
XC261334,success,
XC261335,success,
XC261339,success,
XC261340,success,
XC261341,success,
XC261345,success,
XC261350,success,
XC261423,success,
XC2628,success,
XC262815,success,
XC263186,success,
XC263187,success,
XC263188,success,
XC263224,success,
XC263236,success,
XC263260,success,
XC263266,success,
XC263270,success,
XC263347,success,
XC263353,success,
XC263354,success,
XC263371,success,
XC263374,success,
XC263377,success,
XC263402,success,
XC263404,success,
XC263461,success,
XC263483,success,
XC263484,success,
XC263485,success,
XC263498,success,
XC263634,success,
XC264267,success,
XC264343,success,
XC264344,success,
XC264715,success,
XC264717,success,
XC264718,success,
XC264719,success,
XC265043,success,
XC265072,success,
XC265075,success,
XC265076,success,
XC265077,success,
XC265078,success,
XC265422,success,
XC265423,success,
XC266078,success,
XC266321,success,
XC267262,success,
XC267288,success,
XC267501,success,
XC267502,success,
XC267509,success,
XC267927,success,
XC267948,success,
XC267950,success,
XC267952,success,
XC267956,success,
XC267958,success,
XC267960,success,
XC267970,success,
XC267971,success,
XC267974,success,
XC267975,success,
XC267976,success,
XC267982,success,
XC267986,success,
XC268481,success,
XC268646,success,
XC268648,success,
XC268649,success,
XC268655,success,
XC268658,success,
XC268659,success,
XC268755,success,
XC268815,success,
XC269062,success,
XC269063,success,
XC269082,success,
XC269097,success,
XC269473,success,
XC269491,success,
XC269493,success,
XC269496,success,
XC269518,success,
XC269737,success,
XC269738,success,
XC269950,success,
XC270181,success,
XC270182,success,
XC270187,success,
XC270189,success,
XC270192,success,
XC270195,success,
XC270198,success,
XC271037,success,
XC272153,success,
XC272302,success,
XC27277,success,
XC27545,success,
XC275582,success,
XC275782,success,
XC276906,success,
XC276993,success,
XC277126,success,
XC277243,success,
XC277334,success,
XC277339,success,
XC277505,success,
XC277506,success,
XC277508,success,
XC277511,success,
XC277523,success,
XC277550,success,
XC277553,success,
XC277557,success,
XC277562,success,
XC277579,success,
XC277582,success,
XC277586,success,
XC277590,success,
XC277600,success,
XC277601,success,
XC277602,success,
XC277603,success,
XC277604,success,
XC277605,success,
XC277637,success,
XC277676,success,
XC277679,success,
XC277742,success,
XC277800,success,
XC277921,success,
XC277930,success,
XC277932,success,
XC277945,success,
XC278000,success,
XC278074,success,
XC278099,success,
XC278196,success,
XC278350,success,
XC278825,success,
XC278827,success,
XC278828,success,
XC278925,success,
XC278928,success,
XC279018,success,
XC279134,success,
XC279138,success,
XC279140,success,
XC279142,success,
XC279143,success,
XC279667,success,
XC279682,success,
XC279719,success,
XC279721,success,
XC279723,success,
XC279738,success,
XC282093,success,
XC282293,success,
XC282294,success,
XC282295,success,
XC282296,success,
XC282320,success,
XC282410,success,
XC282428,success,
XC28267,success,
XC282761,success,
XC282797,success,
XC282847,success,
XC282849,success,
XC282989,success,
XC283162,success,
XC283195,success,
XC283396,success,
XC283403,success,
XC283406,success,
XC283475,success,
XC283536,success,
XC283538,success,
XC283540,success,
XC283608,success,
XC283622,skipped,silent audio
XC283951,success,
XC283953,success,
XC284019,success,
XC284020,success,
XC284247,success,
XC284485,success,
XC284487,success,
XC284492,success,
XC284495,success,
XC286399,success,
XC286532,success,
XC286592,success,
XC286644,success,
XC286838,success,
XC286863,success,
XC286946,success,
XC287459,success,
XC287461,success,
XC287637,success,
XC28786,success,
XC287907,success,
XC288338,success,
XC288339,success,
XC288343,success,
XC288791,skipped,too short (0.70s)
XC288983,success,
XC288984,success,
XC288988,success,
XC288989,success,
XC288994,success,
XC289009,success,
XC289011,success,
XC289032,success,
XC289049,success,
XC289173,success,
XC289177,success,
XC289181,success,
XC289226,success,
XC289227,success,
XC289357,success,
XC289367,success,
XC289663,success,
XC290041,success,
XC290042,success,
XC290043,success,
XC290046,success,
XC290133,success,
XC290148,success,
XC290156,success,
XC291048,success,
XC291049,success,
XC291050,success,
XC291092,success,
XC291107,success,
XC291120,success,
XC291223,success,
XC291499,success,
XC291617,success,
XC291618,success,
XC291919,success,
XC292085,success,
XC292274,success,
XC292588,skipped,silent audio
XC292673,success,
XC292765,success,
XC292859,success,
XC292860,success,
XC292919,success,
XC293012,success,
XC293013,success,
XC293125,success,
XC293130,success,
XC293246,success,
XC293250,success,
XC293291,success,
XC293435,success,
XC293440,success,
XC293615,success,
XC293789,success,
XC293803,success,
XC293812,success,
XC293898,success,
XC293949,success,
XC294126,success,
XC294130,success,
XC294136,success,
XC294138,success,
XC294191,success,
XC294204,success,
XC294242,success,
XC294255,success,
XC294256,success,
XC294348,success,
XC294424,success,
XC294460,success,
XC294764,success,
XC295589,success,
XC296027,success,
XC296046,success,
XC296156,success,
XC296162,success,
XC296164,success,
XC296308,success,
XC296398,success,
XC296660,success,
XC296725,success,
XC296754,success,
XC296883,success,
XC296884,success,
XC296886,success,
XC296887,success,
XC296888,success,
XC296892,success,
XC296918,success,
XC296956,success,
XC297296,success,
XC297402,success,
XC297404,success,
XC297437,success,
XC297440,success,
XC297441,success,
XC297468,success,
XC297504,success,
XC297533,success,
XC297540,success,
XC297543,success,
XC297544,success,
XC297550,success,
XC297854,success,
XC297982,success,
XC298203,success,
XC298362,success,
XC298363,success,
XC298379,success,
XC298401,success,
XC298451,success,
XC298561,success,
XC298663,success,
XC298966,success,
XC299017,success,
XC299244,success,
XC299357,success,
XC299501,success,
XC299602,success,
XC299725,success,
XC299852,success,
XC300049,success,
XC300056,success,
XC301528,success,
XC301529,success,
XC301672,success,
XC301714,success,
XC301715,success,
XC301850,success,
XC301854,success,
XC302170,success,
XC302249,success,
XC302253,success,
XC302256,success,
XC302322,success,
XC302517,success,
XC302540,success,
XC302542,success,
XC302548,success,
XC302549,success,
XC302551,success,
XC302573,success,
XC302644,success,
XC302953,success,
XC303471,success,
XC304269,success,
XC304270,success,
XC304441,success,
XC304446,success,
XC304534,success,
XC304582,success,
XC304643,success,
XC304644,success,
XC304674,success,
XC304676,success,
XC304677,success,
XC304679,success,
XC304680,success,
XC304681,success,
XC304789,success,
XC304790,success,
XC304798,success,
XC304800,success,
XC304801,success,
XC304877,success,
XC304879,success,
XC304931,success,
XC305019,success,
XC305020,success,
XC305022,success,
XC305023,success,
XC305276,success,
XC305762,success,
XC305798,success,
XC305799,success,
XC305888,success,
XC305896,success,
XC306127,success,
XC306142,success,
XC306144,success,
XC306327,success,
XC306348,success,
XC306351,success,
XC306387,success,
XC306388,success,
XC306410,success,
XC306438,success,
XC306498,success,
XC306584,success,
XC306680,success,
XC306856,success,
XC307016,success,
XC307295,success,
XC307445,success,
XC307484,success,
XC307686,success,
XC307817,success,
XC307863,success,
XC308017,success,
XC308295,success,
XC308302,success,
XC308404,success,
XC308434,success,
XC308474,success,
XC308580,success,
XC308711,success,
XC308712,success,
XC308762,success,
XC309039,success,
XC309042,success,
XC309043,success,
XC309194,success,
XC309315,success,
XC309318,success,
XC309321,success,
XC309322,success,
XC309325,success,
XC309326,success,
XC309337,success,
XC309454,success,
XC309534,success,
XC309636,success,
XC309641,success,
XC309672,skipped,silent audio
XC309697,success,
XC309889,success,
XC309923,success,
XC309926,success,
XC309928,success,
XC309931,success,
XC309933,success,
XC309994,success,
XC309995,success,
XC309996,success,
XC309997,success,
XC309998,success,
XC310044,success,
XC310045,success,
XC310046,skipped,too short (0.46s)
XC310047,success,
XC31010,success,
XC31011,success,
XC31012,success,
XC310198,success,
XC310199,success,
XC310200,success,
XC31023,success,
XC310243,success,
XC310256,success,
XC310262,success,
XC31031,success,
XC31047,success,
XC31049,success,
XC31060,success,
XC310670,success,
XC310840,success,
XC310909,skipped,too short (0.71s)
XC310933,success,
XC311050,success,
XC311051,success,
XC311053,success,
XC31114,success,
XC31116,success,
XC31117,success,
XC31123,success,
XC31124,success,
XC31125,success,
XC31126,success,
XC31127,success,
XC31128,success,
XC311563,success,
XC311564,success,
XC311622,success,
XC311623,success,
XC311624,success,
XC31180,success,
XC311813,success,
XC311816,success,
XC311850,success,
XC311852,success,
XC311958,success,
XC311959,success,
XC31202,success,
XC31203,success,
XC31204,success,
XC31205,success,
XC31206,success,
XC312212,success,
XC312258,success,
XC312529,success,
XC312705,success,
XC312710,success,
XC312718,success,
XC312752,success,
XC312946,success,
XC312954,success,
XC313062,success,
XC313063,success,
XC313064,success,
XC313065,success,
XC31308,success,
XC31312,success,
XC31313,success,
XC31314,success,
XC31315,success,
XC313156,success,
XC31316,success,
XC313166,success,
XC313220,success,
XC313272,success,
XC313273,success,
XC313351,success,
XC313352,success,
XC313353,success,
XC313387,success,
XC313418,success,
XC313463,success,
XC313464,success,
XC313482,success,
XC313507,success,
XC313532,success,
XC313533,success,
XC313534,success,
XC313677,success,
XC313678,success,
XC313679,success,
XC313680,success,
XC313681,success,
XC313736,success,
XC313737,success,
XC313739,success,
XC313741,success,
XC313760,success,
XC313762,success,
XC313866,success,
XC313870,success,
XC313871,success,
XC313877,success,
XC314086,success,
XC314099,success,
XC314138,success,
XC314228,success,
XC314298,success,
XC314301,success,
XC314413,success,
XC314418,success,
XC314525,success,
XC314647,success,
XC314681,success,
XC31481,success,
XC314839,success,
XC314840,success,
XC314874,success,
XC314875,success,
XC314923,success,
XC314933,success,
XC314950,success,
XC315082,success,
XC315083,success,
XC315084,success,
XC315101,success,
XC315204,success,
XC315210,success,
XC315228,skipped,silent audio
XC315277,success,
XC315279,success,
XC315291,success,
XC315294,success,
XC315295,success,
XC315299,success,
XC315312,success,
XC315314,success,
XC315359,success,
XC315463,success,
XC315579,success,
XC315598,success,
XC315610,success,
XC315688,success,
XC315704,success,
XC315711,success,
XC315747,success,
XC315750,success,
XC315755,success,
XC315756,success,
XC315780,success,
XC316009,success,
XC316044,success,
XC316102,skipped,silent audio
XC316162,success,
XC316228,success,
XC316287,success,
XC316302,success,
XC316436,success,
XC316666,success,
XC316667,success,
XC31670,success,
XC316720,success,
XC316998,success,
XC317040,success,
XC317079,success,
XC317084,success,
XC317112,success,
XC317114,success,
XC317205,success,
XC317206,success,
XC317245,success,
XC317288,success,
XC317472,success,
XC317542,success,
XC317544,success,
XC317727,success,
XC317728,success,
XC317729,success,
XC317730,success,
XC317757,success,
XC317864,success,
XC317903,success,
XC317904,success,
XC317961,success,
XC317972,success,
XC318001,success,
XC318014,success,
XC318019,success,
XC318131,success,
XC318152,success,
XC318261,success,
XC318283,success,
XC318331,success,
XC318332,success,
XC318349,success,
XC318350,success,
XC318365,success,
XC318444,success,
XC318456,success,
XC318459,success,
XC318488,success,
XC318677,success,
XC318680,success,
XC318748,success,
XC318808,success,
XC318899,success,
XC318915,success,
XC319017,success,
XC319022,success,
XC319024,success,
XC319181,success,
XC319246,success,
XC319372,success,
XC319430,success,
XC319431,success,
XC319516,success,
XC319716,success,
XC319721,success,
XC319722,success,
XC319836,success,
XC319839,success,
XC319844,success,
XC319908,success,
XC319937,success,
XC319938,success,
XC320057,success,
XC320099,success,
XC32024,success,
XC320269,success,
XC320357,success,
XC320361,success,
XC320376,success,
XC320377,success,
XC320383,success,
XC320472,success,
XC320485,success,
XC320488,success,
XC320503,success,
XC320578,success,
XC320711,success,
XC320720,success,
XC320846,success,
XC320886,success,
XC321208,success,
XC321212,success,
XC321344,success,
XC321389,success,
XC321397,success,
XC321497,success,
XC321529,success,
XC321550,success,
XC321551,skipped,silent audio
XC321552,success,
XC321631,success,
XC321636,success,
XC321638,success,
XC321692,success,
XC321715,success,
XC321729,success,
XC321730,success,
XC321731,success,
XC321732,success,
XC321761,success,
XC321768,success,
XC321814,success,
XC321817,success,
XC32182,success,
XC32183,success,
XC32184,success,
XC322227,success,
XC322292,success,
XC322426,success,
XC322444,success,
XC322478,success,
XC322479,success,
XC322480,success,
XC322481,success,
XC322488,success,
XC322490,success,
XC322601,success,
XC322604,success,
XC322605,success,
XC322609,success,
XC322611,success,
XC322618,success,
XC322621,success,
XC322623,success,
XC322626,success,
XC322630,success,
XC322633,success,
XC322635,success,
XC322637,success,
XC322639,success,
XC322763,success,
XC323143,success,
XC323185,success,
XC323193,success,
XC323200,success,
XC323220,skipped,silent audio
XC323246,success,
XC323253,success,
XC323308,success,
XC323471,success,
XC323472,success,
XC323474,success,
XC323476,success,
XC323488,success,
XC323704,success,
XC323974,success,
XC323975,success,
XC323977,success,
XC323979,success,
XC323981,success,
XC324243,success,
XC324272,success,
XC324278,success,
XC324344,success,
XC324394,success,
XC324402,success,
XC324443,success,
XC324448,success,
XC324480,success,
XC324483,success,
XC324485,success,
XC324488,success,
XC324491,success,
XC324495,success,
XC324505,success,
XC324509,success,
XC324558,success,
XC324577,success,
XC324581,success,
XC324820,success,
XC324865,success,
XC324946,success,
XC324947,success,
XC324986,success,
XC324996,success,
XC325000,success,
XC325013,success,
XC325093,success,
XC325094,success,
XC325096,success,
XC325098,success,
XC325137,success,
XC325191,success,
XC32520,success,
XC325225,success,
XC325229,success,
XC325262,success,
XC325263,success,
XC325266,success,
XC325267,success,
XC325321,success,
XC325322,success,
XC325344,success,
XC325347,success,
XC325371,success,
XC325415,success,
XC325432,success,
XC325435,success,
XC325473,success,
XC325494,success,
XC325510,success,
XC325511,success,
XC325659,success,
XC325696,success,
XC325810,success,
XC325935,success,
XC325943,success,
XC326246,skipped,silent audio
XC326247,skipped,silent audio
XC326272,success,
XC326495,success,
XC326496,success,
XC326540,success,
XC326542,success,
XC326590,success,
XC326721,skipped,silent audio
XC326730,success,
XC326857,success,
XC327255,success,
XC327584,success,
XC327648,success,
XC327670,success,
XC327706,success,
XC327739,success,
XC327806,success,
XC327807,success,
XC327904,success,
XC328180,success,
XC328188,success,
XC328276,skipped,silent audio
XC328540,success,
XC328542,success,
XC328660,success,
XC328661,success,
XC328698,success,
XC328699,success,
XC328702,success,
XC328703,success,
XC328705,success,
XC328708,success,
XC328709,success,
XC328710,success,
XC328711,success,
XC328712,success,
XC328715,success,
XC328716,success,
XC328786,success,
XC328787,success,
XC328788,success,
XC328790,success,
XC328791,success,
XC328792,success,
XC328793,success,
XC328794,success,
XC328796,success,
XC328797,success,
XC328798,success,
XC328799,success,
XC328801,success,
XC328802,success,
XC328805,success,
XC328835,success,
XC328931,success,
XC329040,success,
XC329235,success,
XC329682,success,
XC330199,success,
XC330302,success,
XC330312,success,
XC330369,success,
XC330447,success,
XC330449,success,
XC330578,success,
XC330691,success,
XC330788,success,
XC330861,success,
XC331098,success,
XC331099,success,
XC331198,success,
XC331266,success,
XC331288,success,
XC331395,success,
XC331421,success,
XC331481,success,
XC331558,success,
XC331564,success,
XC331690,success,
XC331691,success,
XC331741,success,
XC331742,success,
XC331743,success,
XC331890,success,
XC332054,success,
XC332243,success,
XC332245,success,
XC332328,success,
XC332644,success,
XC332699,success,
XC332714,skipped,silent audio
XC332719,success,
XC332762,success,
XC332948,success,
XC333146,success,
XC333161,success,
XC333307,success,
XC333314,success,
XC333385,success,
XC333557,success,
XC333559,success,
XC333582,success,
XC333620,success,
XC333643,success,
XC333650,success,
XC333905,success,
XC333998,success,
XC334479,success,
XC334685,success,
XC334786,success,
XC334962,success,
XC335125,success,
XC335126,success,
XC335127,success,
XC335242,success,
XC335495,success,
XC335644,success,
XC335645,success,
XC335646,success,
XC335647,success,
XC335648,success,
XC335649,success,
XC335650,success,
XC335651,success,
XC335652,success,
XC335695,success,
XC335766,success,
XC335999,success,
XC336000,success,
XC336248,success,
XC336667,success,
XC337180,success,
XC337469,success,
XC337774,success,
XC337962,success,
XC338164,success,
XC338199,success,
XC338204,success,
XC338292,success,
XC338492,success,
XC338621,success,
XC338622,success,
XC339565,success,
XC339866,success,
XC339894,success,
XC339896,success,
XC339897,success,
XC339902,success,
XC339906,success,
XC340139,success,
XC340666,success,
XC340786,success,
XC340787,success,
XC341005,success,
XC341228,success,
XC341257,success,
XC341450,success,
XC341513,success,
XC341514,success,
XC341515,success,
XC341516,success,
XC341517,success,
XC341518,success,
XC341521,success,
XC341819,success,
XC341821,success,
XC342060,success,
XC342276,success,
XC342346,success,
XC342444,success,
XC342555,success,
XC342584,success,
XC342678,success,
XC342803,success,
XC342952,success,
XC342954,success,
XC343837,success,
XC343867,success,
XC343944,success,
XC343945,success,
XC344092,success,
XC344093,success,
XC344095,success,
XC344096,success,
XC344281,success,
XC344282,success,
XC344578,success,
XC344965,success,
XC345022,success,
XC345197,success,
XC345874,success,
XC345976,success,
XC345977,skipped,too short (0.19s)
XC346014,skipped,too short (0.90s)
XC346022,success,
XC346077,success,
XC347355,success,
XC347979,success,
XC348361,success,
XC348428,success,
XC348433,success,
XC348507,success,
XC348979,success,
XC348985,success,
XC349091,success,
XC349093,success,
XC349094,success,
XC349095,success,
XC349125,success,
XC349311,success,
XC349692,success,
XC350052,success,
XC350663,success,
XC350667,success,
XC350672,success,
XC350673,success,
XC350676,success,
XC350678,success,
XC350680,success,
XC350681,success,
XC350684,success,
XC350750,success,
XC350752,success,
XC350764,success,
XC351038,success,
XC351041,success,
XC351049,success,
XC351058,success,
XC351065,success,
XC351075,success,
XC351076,success,
XC351078,success,
XC351081,success,
XC351083,success,
XC351287,success,
XC351289,success,
XC351292,success,
XC351421,success,
XC351422,success,
XC351540,success,
XC351736,success,
XC351751,success,
XC351864,success,
XC352025,success,
XC352292,success,
XC352964,success,
XC353082,success,
XC353341,success,
XC353369,success,
XC353539,success,
XC353665,success,
XC353668,success,
XC353723,success,
XC354344,success,
XC354508,success,
XC354509,success,
XC354556,success,
XC354737,success,
XC355195,success,
XC356414,success,
XC356752,success,
XC356753,success,
XC356754,success,
XC356764,success,
XC356889,success,
XC357024,success,
XC357969,success,
XC357970,success,
XC357971,success,
XC357977,success,
XC358026,success,
XC358027,success,
XC358052,success,
XC358508,skipped,silent audio
XC358548,success,
XC358683,success,
XC358700,success,
XC358701,success,
XC358778,success,
XC358779,success,
XC358780,success,
XC358830,success,
XC358842,success,
XC358844,success,
XC358857,success,
XC358862,success,
XC358903,success,
XC358904,success,
XC360371,success,
XC360564,success,
XC360916,success,
XC360937,success,
XC360938,success,
XC361021,success,
XC361030,success,
XC361329,success,
XC361336,success,
XC361479,success,
XC361480,success,
XC361739,success,
XC361741,success,
XC361744,success,
XC361746,success,
XC361807,success,
XC361812,success,
XC361815,success,
XC361817,success,
XC361916,success,
XC361920,success,
XC362105,success,
XC362208,success,
XC362209,success,
XC362311,success,
XC362401,success,
XC362459,success,
XC362480,success,
XC362651,success,
XC362960,success,
XC363068,success,
XC363099,success,
XC363175,success,
XC363216,success,
XC363344,success,
XC363349,success,
XC363366,success,
XC363445,success,
XC363569,success,
XC363749,success,
XC363862,success,
XC363996,success,
XC364114,success,
XC364282,success,
XC364283,success,
XC364466,success,
XC364468,success,
XC364635,success,
XC364681,success,
XC364698,success,
XC364709,success,
XC365063,success,
XC365160,success,
XC365936,success,
XC365937,success,
XC366468,success,
XC366599,success,
XC366627,success,
XC366708,success,
XC366793,success,
XC367004,success,
XC367008,success,
XC367181,success,
XC367190,success,
XC367191,success,
XC367193,success,
XC367257,success,
XC367272,success,
XC367429,success,
XC367430,success,
XC367530,success,
XC367594,success,
XC367697,success,
XC367698,success,
XC367798,success,
XC367800,success,
XC367801,success,
XC367802,success,
XC367805,success,
XC367875,success,
XC367878,success,
XC367886,success,
XC368194,success,
XC368283,success,
XC368287,success,
XC368291,success,
XC368296,success,
XC368297,success,
XC368307,success,
XC368401,success,
XC368402,success,
XC368420,success,
XC368438,success,
XC368494,success,
XC368513,success,
XC368539,success,
XC368590,success,
XC368614,success,
XC368615,success,
XC368855,success,
XC368856,success,
XC368940,success,
XC368961,success,
XC369821,success,
XC369822,success,
XC369969,success,
XC369987,success,
XC369989,success,
XC370064,success,
XC370146,success,
XC370196,success,
XC370240,success,
XC370249,success,
XC370251,success,
XC370387,success,
XC370490,success,
XC370500,success,
XC370740,success,
XC370786,success,
XC370790,success,
XC370826,success,
XC370853,success,
XC370857,success,
XC370862,success,
XC370881,success,
XC370892,success,
XC370922,success,
XC370932,success,
XC370949,success,
XC371033,success,
XC371041,success,
XC371044,success,
XC371048,success,
XC371062,success,
XC371323,success,
XC371412,success,
XC371414,success,
XC371757,success,
XC371758,success,
XC371759,success,
XC371790,success,
XC371799,success,
XC371800,success,
XC371801,success,
XC371921,success,
XC372067,success,
XC372211,skipped,silent audio
XC372243,success,
XC372304,success,
XC372305,success,
XC372556,success,
XC372594,success,
XC372603,success,
XC372607,success,
XC372614,success,
XC372760,success,
XC372790,success,
XC372844,success,
XC373049,success,
XC373480,success,
XC373484,success,
XC373486,success,
XC373488,success,
XC373499,success,
XC373502,success,
XC373655,success,
XC373783,success,
XC373802,success,
XC37387,success,
XC373885,skipped,too short (0.98s)
XC373906,success,
XC373918,success,
XC374078,success,
XC374086,success,
XC374107,success,
XC374113,success,
XC374596,success,
XC374636,success,
XC374638,success,
XC374840,success,
XC374898,success,
XC375006,success,
XC375201,success,
XC375276,success,
XC375282,success,
XC375463,success,
XC375494,success,
XC375505,success,
XC375583,success,
XC375736,success,
XC375826,success,
XC375885,success,
XC375900,success,
XC375904,success,
XC375947,success,
XC375948,success,
XC376027,success,
XC376029,success,
XC376077,success,
XC376138,success,
XC376180,success,
XC376182,success,
XC376229,success,
XC376284,success,
XC376298,success,
XC376418,success,
XC376468,success,
XC376569,success,
XC376772,success,
XC376773,success,
XC376790,success,
XC377094,success,
XC377114,success,
XC377126,success,
XC377144,success,
XC377394,success,
XC377521,success,
XC377736,success,
XC377799,success,
XC377880,success,
XC378268,success,
XC378412,success,
XC378427,success,
XC378429,success,
XC378600,success,
XC378602,success,
XC378603,success,
XC378604,success,
XC378605,success,
XC378685,success,
XC378710,success,
XC378969,success,
XC378982,success,
XC379013,success,
XC379016,success,
XC379035,success,
XC379270,success,
XC379332,success,
XC379573,success,
XC379713,success,
XC380000,success,
XC380014,success,
XC380017,success,
XC380033,success,
XC380121,success,
XC380122,success,
XC380123,success,
XC380169,success,
XC380185,success,
XC380186,success,
XC380304,success,
XC380309,success,
XC380321,success,
XC380322,success,
XC380425,success,
XC380526,success,
XC380645,success,
XC380736,success,
XC380748,success,
XC380761,success,
XC381036,success,
XC381103,success,
XC381110,success,
XC381118,success,
XC381309,success,
XC381310,success,
XC381323,success,
XC381411,success,
XC381413,success,
XC381414,success,
XC381502,success,
XC381507,success,
XC381535,success,
XC381579,success,
XC381585,success,
XC381588,success,
XC381591,success,
XC381871,success,
XC381927,success,
XC381981,success,
XC382032,success,
XC382039,success,
XC382040,success,
XC382084,success,
XC382113,success,
XC382114,success,
XC382119,success,
XC382122,success,
XC382123,success,
XC382227,success,
XC382347,success,
XC382356,success,
XC382376,success,
XC382447,success,
XC382448,success,
XC382449,success,
XC382450,success,
XC382451,success,
XC382452,success,
XC382506,success,
XC382730,success,
XC382745,success,
XC383130,skipped,silent audio
XC383332,success,
XC383433,success,
XC383434,success,
XC383439,success,
XC383440,success,
XC383467,success,
XC383784,success,
XC383822,success,
XC383831,success,
XC383832,success,
XC383881,success,
XC383905,success,
XC383951,success,
XC383954,success,
XC383960,success,
XC383961,success,
XC383966,success,
XC383972,success,
XC384003,success,
XC384027,success,
XC384034,success,
XC384058,success,
XC384697,success,
XC384698,success,
XC384905,success,
XC384909,success,
XC384910,success,
XC384954,success,
XC384955,success,
XC385023,success,
XC385026,success,
XC385027,success,
XC385185,success,
XC385206,success,
XC385393,success,
XC385601,success,
XC385612,success,
XC385691,success,
XC385817,success,
XC385843,success,
XC386075,success,
XC386616,success,
XC387173,success,
XC387533,success,
XC387538,success,
XC387850,success,
XC388134,success,
XC388163,success,
XC388164,success,
XC388165,success,
XC388172,success,
XC388173,success,
XC388255,success,
XC388259,success,
XC388263,success,
XC388267,success,
XC388268,success,
XC388269,success,
XC388404,success,
XC388493,success,
XC388494,success,
XC388495,success,
XC388500,success,
XC388592,success,
XC388596,success,
XC388611,success,
XC388682,success,
XC388685,success,
XC388693,success,
XC388694,success,
XC388707,success,
XC388764,success,
XC389096,success,
XC389235,success,
XC389252,success,
XC389300,success,
XC389303,success,
XC389428,success,
XC389434,success,
XC389493,success,
XC389498,success,
XC389693,success,
XC389920,success,
XC389960,success,
XC389961,success,
XC389967,success,
XC389979,success,
XC389982,success,
XC389995,success,
XC390105,success,
XC390183,success,
XC390185,success,
XC390189,success,
XC390276,success,
XC390279,success,
XC390284,success,
XC390471,success,
XC390592,success,
XC390598,success,
XC390608,success,
XC390824,success,
XC390825,success,
XC390830,success,
XC390831,success,
XC390881,success,
XC390887,success,
XC390940,success,
XC390941,success,
XC391090,success,
XC391155,success,
XC391156,success,
XC391157,success,
XC391158,success,
XC391566,success,
XC391570,success,
XC391843,success,
XC392231,success,
XC392266,success,
XC392267,success,
XC392814,success,
XC392842,success,
XC392962,success,
XC392963,success,
XC393068,success,
XC393129,success,
XC393130,success,
XC393299,success,
XC393498,success,
XC393735,success,
XC393857,success,
XC394059,success,
XC394107,success,
XC394110,success,
XC394310,success,
XC394526,success,
XC394527,success,
XC394528,success,
XC394529,success,
XC394737,success,
XC394751,success,
XC394763,success,
XC394834,success,
XC394835,success,
XC394892,success,
XC395154,skipped,too short (0.75s)
XC395155,skipped,too short (0.95s)
XC395194,success,
XC395196,success,
XC396159,success,
XC396272,success,
XC396392,success,
XC396690,success,
XC397584,success,
XC398300,success,
XC398356,success,
XC398477,success,
XC399014,success,
XC399368,success,
XC399828,success,
XC399946,success,
XC400100,success,
XC400542,success,
XC400852,success,
XC400968,success,
XC401018,success,
XC402349,success,
XC402596,success,
XC403004,success,
XC403005,success,
XC403112,success,
XC404311,success,
XC404412,success,
XC404418,success,
XC404504,success,
XC404505,success,
XC404628,success,
XC404715,success,
XC404839,success,
XC404968,success,
XC405617,success,
XC405771,success,
XC406151,success,
XC406160,success,
XC406211,success,
XC406251,success,
XC406258,success,
XC406300,success,
XC406326,success,
XC406522,success,
XC406523,success,
XC406526,success,
XC406662,success,
XC406871,success,
XC406876,success,
XC406990,success,
XC407152,success,
XC407173,success,
XC407644,success,
XC407819,success,
XC407827,success,
XC407924,success,
XC408110,success,
XC408876,success,
XC409062,success,
XC409609,success,
XC409610,success,
XC409818,success,
XC410604,success,
XC410888,success,
XC411047,success,
XC411318,success,
XC411457,success,
XC412205,success,
XC412672,success,
XC412707,success,
XC412909,success,
XC413030,success,
XC413131,success,
XC413132,success,
XC413144,success,
XC413175,success,
XC413184,success,
XC413187,success,
XC413188,success,
XC413193,success,
XC413194,success,
XC413318,success,
XC413334,success,
XC413335,success,
XC413347,success,
XC413356,success,
XC413367,success,
XC413434,success,
XC413435,success,
XC413436,success,
XC413556,success,
XC413557,success,
XC413723,success,
XC413729,success,
XC413789,success,
XC413800,success,
XC413887,success,
XC414010,success,
XC414011,success,
XC414021,success,
XC414077,success,
XC414078,success,
XC414551,success,
XC414747,success,
XC414892,success,
XC414931,success,
XC415384,success,
XC415387,success,
XC415422,success,
XC415436,success,
XC415443,success,
XC415444,success,
XC415596,success,
XC415782,success,
XC415793,success,
XC415820,success,
XC415889,success,
XC416029,success,
XC416031,success,
XC416032,success,
XC416122,success,
XC416140,success,
XC416142,success,
XC416294,success,
XC416341,success,
XC416398,success,
XC416400,success,
XC416529,success,
XC416548,success,
XC416621,success,
XC416745,success,
XC416746,success,
XC416747,success,
XC416780,success,
XC416782,success,
XC416794,success,
XC416814,success,
XC416815,success,
XC416889,success,
XC417423,success,
XC417442,success,
XC417455,success,
XC417549,success,
XC417728,success,
XC417729,success,
XC417736,success,
XC417737,success,
XC417855,success,
XC417863,success,
XC417864,success,
XC417904,success,
XC417910,success,
XC417914,success,
XC417992,success,
XC417993,success,
XC418002,success,
XC418011,success,
XC418016,success,
XC418027,success,
XC418034,success,
XC418074,success,
XC418082,success,
XC418083,success,
XC418085,success,
XC418092,success,
XC418093,success,
XC418099,success,
XC418101,success,
XC418103,success,
XC418105,success,
XC418144,success,
XC418235,success,
XC418236,success,
XC418241,success,
XC418266,success,
XC418303,success,
XC418332,success,
XC418344,success,
XC418346,success,
XC418510,success,
XC418533,success,
XC418657,success,
XC418834,success,
XC418891,success,
XC418893,success,
XC418918,success,
XC419049,success,
XC419402,success,
XC419704,success,
XC419831,success,
XC419947,success,
XC419996,success,
XC420002,success,
XC420076,success,
XC420133,success,
XC420250,success,
XC420259,success,
XC420261,success,
XC420397,success,
XC420402,success,
XC420472,success,
XC420473,success,
XC420494,success,
XC420540,success,
XC420604,success,
XC420721,success,
XC420727,success,
XC420822,success,
XC420842,success,
XC420844,success,
XC420871,success,
XC420878,success,
XC420879,success,
XC420882,success,
XC420883,success,
XC420886,success,
XC420887,success,
XC420906,success,
XC420908,success,
XC420909,success,
XC420965,success,
XC421003,success,
XC421160,success,
XC421264,success,
XC421280,success,
XC421301,success,
XC421303,success,
XC421770,success,
XC421839,success,
XC421940,success,
XC422147,success,
XC422148,success,
XC422421,success,
XC422424,success,
XC422943,success,
XC423322,success,
XC423357,success,
XC423449,success,
XC423524,success,
XC423591,success,
XC423687,success,
XC423997,success,
XC424139,success,
XC424140,success,
XC424738,success,
XC424786,success,
XC424789,success,
XC425120,success,
XC425131,success,
XC425498,success,
XC425505,success,
XC425567,success,
XC425583,success,
XC425775,success,
XC425793,success,
XC425944,success,
XC426167,success,
XC426201,success,
XC426243,success,
XC426297,success,
XC426298,success,
XC427139,success,
XC427140,success,
XC428282,success,
XC428338,success,
XC428342,success,
XC428384,success,
XC428385,success,
XC428425,success,
XC428495,success,
XC428701,success,
XC428726,success,
XC428729,success,
XC428734,success,
XC428762,success,
XC428772,success,
XC428782,success,
XC429022,success,
XC429239,success,
XC429266,success,
XC430015,success,
XC430726,success,
XC430783,success,
XC430811,success,
XC431030,success,
XC431032,skipped,silent audio
XC431186,skipped,silent audio
XC431633,success,
XC431957,success,
XC432092,success,
XC432334,success,
XC433031,success,
XC433032,success,
XC433094,success,
XC433166,success,
XC433223,success,
XC433231,success,
XC433239,success,
XC433389,success,
XC433813,success,
XC434359,success,
XC43470,success,
XC435478,success,
XC435493,success,
XC435715,success,
XC435717,success,
XC436641,success,
XC436808,success,
XC436809,success,
XC436810,success,
XC436811,success,
XC436820,success,
XC436986,success,
XC436990,success,
XC437043,success,
XC437510,success,
XC437593,success,
XC438159,success,
XC438455,success,
XC439885,success,
XC439886,success,
XC439892,success,
XC439893,success,
XC439894,success,
XC440254,success,
XC440560,success,
XC440561,success,
XC440562,success,
XC440573,success,
XC440574,success,
XC440576,success,
XC440578,success,
XC440579,success,
XC440580,success,
XC440607,success,
XC440639,success,
XC441362,success,
XC441374,success,
XC441893,success,
XC441895,success,
XC441896,success,
XC442047,success,
XC442320,success,
XC442321,success,
XC442358,success,
XC442359,success,
XC442508,success,
XC442868,success,
XC442962,success,
XC443181,success,
XC443196,success,
XC443468,success,
XC443522,success,
XC443764,success,
XC443771,success,
XC443809,success,
XC443812,success,
XC444602,success,
XC444606,success,
XC444622,success,
XC444623,success,
XC444624,success,
XC444716,success,
XC444946,success,
XC444948,success,
XC445083,success,
XC445610,success,
XC445622,success,
XC445912,success,
XC446455,success,
XC446457,success,
XC446458,success,
XC446460,success,
XC446462,success,
XC446669,success,
XC446803,success,
XC446806,success,
XC446889,success,
XC446964,success,
XC447012,success,
XC447324,success,
XC447360,success,
XC447363,success,
XC447415,success,
XC448090,success,
XC448123,success,
XC448274,success,
XC448720,success,
XC448752,success,
XC448753,success,
XC448778,success,
XC448819,success,
XC448835,success,
XC448935,success,
XC448937,success,
XC448945,success,
XC449497,success,
XC449502,success,
XC449522,success,
XC449524,success,
XC449552,success,
XC449553,success,
XC450683,success,
XC450763,success,
XC450764,success,
XC450999,success,
XC451067,success,
XC451207,success,
XC451209,success,
XC451211,success,
XC451238,success,
XC451239,success,
XC451240,success,
XC451252,success,
XC451253,success,
XC451298,success,
XC451300,success,
XC451301,success,
XC451302,success,
XC451359,success,
XC451370,success,
XC451371,success,
XC451372,success,
XC451490,success,
XC451721,success,
XC451735,success,
XC451810,success,
XC451823,success,
XC451857,success,
XC451864,success,
XC451865,success,
XC451898,success,
XC452058,success,
XC452059,success,
XC452119,success,
XC452150,success,
XC452151,success,
XC452183,success,
XC452505,success,
XC452506,success,
XC452540,success,
XC452569,success,
XC452609,success,
XC452613,success,
XC452798,success,
XC452806,success,
XC452810,success,
XC452814,success,
XC452816,success,
XC452980,success,
XC453109,success,
XC453220,success,
XC453916,success,
XC453931,success,
XC453934,success,
XC453936,success,
XC453938,success,
XC453942,success,
XC453943,success,
XC453944,success,
XC454231,success,
XC454252,success,
XC454402,success,
XC454621,success,
XC45479,success,
XC45480,success,
XC45481,success,
XC454882,success,
XC455031,success,
XC455035,success,
XC455120,success,
XC455134,success,
XC456644,success,
XC456917,success,
XC457078,success,
XC457114,success,
XC457137,success,
XC457138,success,
XC457192,success,
XC457444,success,
XC458037,success,
XC459053,success,
XC459444,success,
XC459466,success,
XC459759,success,
XC459765,success,
XC460094,success,
XC460095,success,
XC460096,success,
XC460579,success,
XC460588,success,
XC460688,success,
XC460787,success,
XC460832,success,
XC460987,success,
XC461183,success,
XC461195,success,
XC461240,success,
XC461241,success,
XC461242,success,
XC461521,success,
XC461540,success,
XC462031,success,
XC462046,success,
XC462056,success,
XC462125,success,
XC462420,success,
XC462421,success,
XC462648,success,
XC462768,success,
XC462769,success,
XC462770,success,
XC462771,success,
XC463254,success,
XC463255,success,
XC463343,success,
XC463411,success,
XC463860,success,
XC464147,success,
XC464205,success,
XC464355,success,
XC464508,success,
XC464530,success,
XC464670,success,
XC464765,success,
XC464766,success,
XC464997,success,
XC464999,success,
XC465001,success,
XC465010,success,
XC465049,success,
XC465050,success,
XC465052,success,
XC465378,success,
XC465621,success,
XC465623,skipped,too long (748.40s)
XC465733,success,
XC466048,success,
XC466164,success,
XC466166,success,
XC466242,success,
XC466407,success,
XC466449,success,
XC466479,success,
XC46690,success,
XC46691,success,
XC466910,success,
XC466915,success,
XC466928,success,
XC467107,success,
XC467316,success,
XC467689,success,
XC467703,success,
XC467710,success,
XC467806,success,
XC46803,success,
XC468080,success,
XC468087,success,
XC468243,success,
XC468380,success,
XC468388,success,
XC468505,success,
XC468991,success,
XC469007,success,
XC469010,success,
XC469328,success,
XC469569,success,
XC469578,success,
XC469596,success,
XC469603,success,
XC469605,success,
XC469721,success,
XC469745,success,
XC469881,success,
XC469882,success,
XC469883,success,
XC469888,success,
XC469889,success,
XC470277,success,
XC470553,success,
XC470664,success,
XC470766,success,
XC470771,success,
XC470789,success,
XC470872,success,
XC470952,success,
XC470954,success,
XC471023,success,
XC471066,success,
XC471244,success,
XC471510,success,
XC471591,success,
XC471705,success,
XC471775,success,
XC471778,success,
XC472332,success,
XC472345,success,
XC473284,success,
XC473376,success,
XC473410,success,
XC473411,success,
XC473414,success,
XC473417,success,
XC473427,success,
XC473448,success,
XC473449,success,
XC473676,success,
XC473680,success,
XC473811,success,
XC473929,success,
XC474064,success,
XC474067,success,
XC474288,success,
XC474615,success,
XC474653,success,
XC474990,success,
XC475086,success,
XC475090,success,
XC475108,success,
XC475138,success,
XC475141,success,
XC475171,success,
XC475248,success,
XC475251,success,
XC475299,success,
XC475301,success,
XC475302,skipped,too long (891.90s)
XC475315,success,
XC475318,success,
XC475320,success,
XC475679,success,
XC475682,success,
XC475741,success,
XC475742,success,
XC475967,success,
XC476107,success,
XC476270,success,
XC476272,success,
XC476302,success,
XC476493,success,
XC476494,success,
XC476496,success,
XC476517,success,
XC476519,success,
XC476522,success,
XC476523,success,
XC476524,success,
XC476525,success,
XC476526,success,
XC476558,success,
XC476576,success,
XC477136,success,
XC477187,success,
XC477784,skipped,silent audio
XC477807,success,
XC477812,success,
XC477831,success,
XC477960,success,
XC478449,success,
XC478597,success,
XC478839,success,
XC479499,success,
XC479500,success,
XC479502,success,
XC479504,success,
XC479507,success,
XC479508,success,
XC479791,success,
XC479795,success,
XC479929,success,
XC479931,success,
XC480052,success,
XC480256,success,
XC48027,success,
XC48028,success,
XC48029,success,
XC480682,success,
XC480759,success,
XC480761,success,
XC480763,success,
XC480926,success,
XC481020,success,
XC481130,success,
XC481136,success,
XC481215,success,
XC481816,success,
XC481834,success,
XC481837,success,
XC481858,success,
XC481933,success,
XC481988,success,
XC482018,success,
XC482163,success,
XC482267,success,
XC482275,success,
XC482276,success,
XC482279,success,
XC482280,success,
XC482281,success,
XC482295,success,
XC482331,success,
XC482364,success,
XC482493,success,
XC482515,success,
XC482568,success,
XC482618,success,
XC482783,success,
XC482868,success,
XC482875,success,
XC483020,success,
XC483021,success,
XC483028,success,
XC483030,success,
XC483145,success,
XC483184,success,
XC483188,success,
XC483190,success,
XC483199,success,
XC483211,success,
XC483212,success,
XC483214,success,
XC483215,success,
XC483293,success,
XC483295,success,
XC483552,success,
XC483578,success,
XC483628,success,
XC483735,success,
XC483875,success,
XC484151,success,
XC48445,success,
XC48475,success,
XC484906,success,
XC485817,success,
XC485982,success,
XC485983,success,
XC485984,success,
XC48609,success,
XC486220,success,
XC486471,success,
XC486563,success,
XC486566,success,
XC486786,success,
XC486798,success,
XC486800,success,
XC486855,success,
XC486856,success,
XC486857,success,
XC486858,success,
XC486859,success,
XC486860,success,
XC487219,success,
XC487497,success,
XC487832,success,
XC489429,success,
XC490385,success,
XC490386,success,
XC490508,success,
XC490518,success,
XC490521,success,
XC490934,success,
XC490936,success,
XC491073,success,
XC491598,success,
XC491610,success,
XC491629,success,
XC491631,success,
XC491632,success,
XC491633,success,
XC491634,success,
XC491635,success,
XC492146,success,
XC492147,success,
XC492246,success,
XC492291,success,
XC492384,success,
XC492406,success,
XC493058,success,
XC493266,success,
XC493267,success,
XC493268,success,
XC493338,success,
XC493365,success,
XC493469,success,
XC493470,success,
XC493543,success,
XC493544,success,
XC493888,success,
XC494032,success,
XC494351,success,
XC494405,success,
XC494421,success,
XC494579,success,
XC494993,success,
XC494996,success,
XC495007,success,
XC495169,success,
XC495177,success,
XC495178,success,
XC495179,success,
XC495180,success,
XC495181,success,
XC495182,success,
XC495188,success,
XC495191,success,
XC495244,success,
XC495252,success,
XC495327,success,
XC495411,success,
XC495420,success,
XC495474,success,
XC496109,success,
XC496280,success,
XC496354,success,
XC496355,success,
XC497156,success,
XC497300,success,
XC497429,success,
XC497492,success,
XC497494,success,
XC497796,success,
XC498161,success,
XC498255,success,
XC498256,success,
XC498643,success,
XC498644,success,
XC498645,success,
XC499322,success,
XC499324,success,
XC499561,success,
XC500093,success,
XC500125,success,
XC500139,success,
XC500350,success,
XC500351,success,
XC500354,success,
XC501250,success,
XC501251,success,
XC501252,success,
XC501253,success,
XC501257,success,
XC501258,success,
XC501259,success,
XC501260,success,
XC501261,success,
XC501262,success,
XC501459,success,
XC501464,success,
XC501766,success,
XC501895,success,
XC502311,success,
XC502313,success,
XC502505,success,
XC502629,success,
XC503144,success,
XC503186,success,
XC503191,success,
XC503194,success,
XC504005,success,
XC504006,success,
XC504150,success,
XC504196,success,
XC50586,success,
XC50587,success,
XC50588,success,
XC50589,success,
XC50590,success,
XC50591,success,
XC50592,success,
XC50593,success,
XC50594,success,
XC50595,success,
XC50596,success,
XC50597,success,
XC50598,success,
XC50599,success,
XC50600,success,
XC50601,success,
XC50602,success,
XC50603,success,
XC50604,success,
XC50605,success,
XC50606,success,
XC50607,success,
XC50608,success,
XC50609,success,
XC50610,success,
XC50661,success,
XC51318,success,
XC51319,success,
XC51410,success,
XC51411,success,
XC51412,success,
XC51473,success,
XC51474,success,
XC51475,success,
XC51476,success,
XC51477,success,
XC51699,success,
XC51700,success,
XC51701,success,
XC51754,success,
XC51755,success,
XC51757,success,
XC51758,success,
XC51759,success,
XC51775,success,
XC51779,success,
XC51862,success,
XC51863,success,
XC51864,success,
XC51865,success,
XC51866,success,
XC51867,success,
XC51868,success,
XC51879,success,
XC52151,success,
XC52152,success,
XC52153,success,
XC52309,success,
XC52310,success,
XC52312,success,
XC52314,success,
XC52986,success,
XC52987,success,
XC52988,success,
XC53405,success,
XC53619,success,
XC53620,success,
XC53695,success,
XC53696,success,
XC53697,success,
XC53698,success,
XC53699,success,
XC53700,success,
XC54285,success,
XC54355,success,
XC54356,success,
XC54357,success,
XC56416,success,
XC56898,success,
XC57029,success,
XC57384,success,
XC57970,success,
XC57971,success,
XC59480,success,
XC5986,skipped,too short (0.96s)
XC59938,success,
XC59941,success,
XC61168,success,
XC65612,success,
XC65919,success,
XC67143,success,
XC70185,success,
XC70721,success,
XC70722,success,
XC77879,success,
XC77881,success,
XC77884,success,
XC78342,success,
XC78890,success,
XC78891,success,
XC79972,success,
XC81290,success,
XC81305,success,
XC86755,success,
XC86760,success,
XC8883,success,
XC91412,success,
XC92009,success,
XC99571,success,
XC99969,success,
